Timestamp,EAR,MAR,State
2025-04-15 10:38:44.409500,8.960869590892333,0.044363937826824455,Alert
2025-04-15 10:38:44.495150,8.949596124936608,0.04507139120600498,Alert
2025-04-15 10:38:44.510740,8.686230072031778,0.04604869822943252,Alert
2025-04-15 10:38:44.601558,8.938493337963838,0.04702692556587526,Alert
2025-04-15 10:38:44.614811,8.677678045940908,0.04869393290370453,Alert
2025-04-15 10:38:44.634601,8.892749439438415,0.049241155413595125,Alert
2025-04-15 10:38:44.673345,8.669882266079462,0.04985534354029277,Alert
2025-04-15 10:38:44.697157,8.732364324582802,0.048501837304158246,Alert
2025-04-15 10:38:44.712505,8.665733572895098,0.04909895372819362,Alert
2025-04-15 10:38:44.784636,8.738502400813488,0.05367296322883538,Alert
2025-04-15 10:38:44.801818,8.67500126627715,0.05509643415084524,Alert
2025-04-15 10:38:44.817257,8.723236227704616,0.05389159433387985,Alert
2025-04-15 10:38:44.882660,8.928942279666218,0.05472388064530085,Alert
2025-04-15 10:38:44.897877,8.979644507237808,0.05460875087569595,Alert
2025-04-15 10:38:44.913446,8.928990010989612,0.05495433871540564,Alert
2025-04-15 10:38:44.977952,8.849921137000642,0.048383235864483704,Alert
2025-04-15 10:38:44.993820,8.85204514424939,0.04872856460102405,Alert
2025-04-15 10:38:45.009781,8.892066224299933,0.049580817327757425,Alert
2025-04-15 10:38:45.091207,8.754459643871341,0.05509714714400777,Alert
2025-04-15 10:38:45.106573,8.791986917074455,0.0547111334080986,Alert
2025-04-15 10:38:45.127153,8.791072224260734,0.05479713482059291,Alert
2025-04-15 10:38:45.193564,8.763104463915655,0.056149346408751785,Alert
2025-04-15 10:38:45.219420,8.738499970060346,0.056730565107603215,Alert
2025-04-15 10:38:45.241872,8.715693132063954,0.05509862827102774,Alert
2025-04-15 10:38:45.304608,8.733796127399128,0.05034914885982987,Alert
2025-04-15 10:38:45.322053,8.761064055222487,0.049860251402891194,Alert
2025-04-15 10:38:45.338970,8.785028411847264,0.050854827989685346,Alert
2025-04-15 10:38:45.395163,8.68838446791985,0.05131411943242569,Alert
2025-04-15 10:38:45.408839,8.71589158588339,0.05068826028293246,Alert
2025-04-15 10:38:45.421013,8.744633032094983,0.05099985879136199,Alert
2025-04-15 10:38:45.489658,6.656716653627658,0.04634143639596927,Alert
2025-04-15 10:38:45.509330,6.781081570493941,0.04392706649518084,Alert
2025-04-15 10:38:45.532484,6.807426207297326,0.04643074183282819,Alert
2025-04-15 10:38:45.579985,5.534415943249373,0.03805226409926617,Drowsy
2025-04-15 10:38:45.588373,5.502467506359601,0.03447794263752645,Drowsy
2025-04-15 10:38:45.621904,5.624666683127675,0.03626539964345296,Drowsy
2025-04-15 10:38:45.697047,6.894047088271004,0.03903669973282107,Alert
2025-04-15 10:38:45.712830,7.057389571469886,0.04489143977215477,Alert
2025-04-15 10:38:45.729759,7.197105029870103,0.04650733457842808,Alert
2025-04-15 10:38:45.807462,7.988333878917938,0.05203546410173945,Alert
2025-04-15 10:38:45.825171,7.896143406924923,0.054754593431305995,Alert
2025-04-15 10:38:45.840027,7.91004249064693,0.05344681110783421,Alert
2025-04-15 10:38:45.888996,8.300363117650878,0.05347052930999112,Alert
2025-04-15 10:38:45.902264,8.240077260968587,0.05503792142250181,Alert
2025-04-15 10:38:45.916917,8.238576605403729,0.053181769003516954,Alert
2025-04-15 10:38:46.014921,8.533505021189146,0.05555499910528254,Alert
2025-04-15 10:38:46.030004,8.435564895814917,0.05519625260706414,Alert
2025-04-15 10:38:46.043426,8.366670530627436,0.05464469368120453,Alert
2025-04-15 10:38:46.096173,8.412144044231976,0.05221737655721317,Alert
2025-04-15 10:38:46.120101,8.394214468408103,0.051369919298382326,Alert
2025-04-15 10:38:46.147519,8.37928666522262,0.05199954469752864,Alert
2025-04-15 10:38:46.192943,8.219902072406605,0.047597362854048676,Alert
2025-04-15 10:38:46.207321,8.204790340813808,0.0479930503085854,Alert
2025-04-15 10:38:46.225838,8.219865544396487,0.04801712762086924,Alert
2025-04-15 10:38:46.288246,7.847545094963893,0.047279618572256515,Alert
2025-04-15 10:38:46.305913,7.908659097806158,0.04658226824621824,Alert
2025-04-15 10:38:46.321799,7.958885246837044,0.04781922479530049,Alert
2025-04-15 10:38:46.405232,7.13926567447011,0.044668264338228285,Alert
2025-04-15 10:38:46.419352,7.287768530169647,0.04156880957638333,Alert
2025-04-15 10:38:46.436215,7.307838721618049,0.04434580153176798,Alert
2025-04-15 10:38:46.502783,7.3476267830065005,0.04267518590563561,Alert
2025-04-15 10:38:46.517358,7.187343090441704,0.049795965271475014,Alert
2025-04-15 10:38:46.535718,7.2364169200295665,0.04704271980624245,Alert
2025-04-15 10:38:46.596284,7.1709365889290755,0.051683124171422255,Alert
2025-04-15 10:38:46.609910,7.230257398210189,0.0480190327944557,Alert
2025-04-15 10:38:46.627622,7.24969588722937,0.04916707050226305,Alert
2025-04-15 10:38:46.764084,7.39592439329647,0.04573916363744027,Alert
2025-04-15 10:38:46.777384,7.383649607854963,0.04343708358881623,Alert
2025-04-15 10:38:46.792613,7.458067901897914,0.042776496186126174,Alert
2025-04-15 10:38:46.797111,7.377738141665499,0.03714849114598346,Alert
2025-04-15 10:38:46.901497,7.362666558236302,0.039710849938748086,Alert
2025-04-15 10:38:46.914470,7.3009925952964,0.041553448098240964,Alert
2025-04-15 10:38:47.012879,7.409674471028067,0.03979642098833038,Alert
2025-04-15 10:38:47.034089,7.338658235229426,0.040126103720132596,Alert
2025-04-15 10:38:47.048626,7.348605837522617,0.03877032441273776,Alert
2025-04-15 10:38:47.107359,7.386250972619675,0.03387929382070827,Alert
2025-04-15 10:38:47.124329,7.268511779419978,0.03315797349682511,Alert
2025-04-15 10:38:47.151192,7.363791203866152,0.03395973927128451,Alert
2025-04-15 10:38:47.173731,7.283568506023247,0.033045677909163414,Alert
2025-04-15 10:38:47.205039,7.510644427996144,0.03084209251188484,Alert
2025-04-15 10:38:47.219793,7.349411993272639,0.03656472301598151,Alert
2025-04-15 10:38:47.249184,7.46289285083171,0.03139554130483366,Alert
2025-04-15 10:38:47.296804,7.097165897492868,0.03589842324715726,Alert
2025-04-15 10:38:47.312481,7.090580856320779,0.03674713680788567,Alert
2025-04-15 10:38:47.429571,7.11093557606628,0.03821261709038706,Alert
2025-04-15 10:38:47.449834,7.070807659828695,0.03885732714881379,Alert
2025-04-15 10:38:47.469539,7.135665252748694,0.038527128960471634,Alert
2025-04-15 10:38:47.506657,7.418011042888805,0.04108343062974916,Alert
2025-04-15 10:38:47.526356,7.450994633266316,0.040735603735947756,Alert
2025-04-15 10:38:47.554734,7.438483644030741,0.040687912963413515,Alert
2025-04-15 10:38:47.572921,7.428110022055849,0.04095333448133496,Alert
2025-04-15 10:38:47.598404,7.540777075115283,0.0387335479468787,Alert
2025-04-15 10:38:47.625990,7.502693958232883,0.0383133154666535,Alert
2025-04-15 10:38:47.654277,7.563200278398188,0.03869213681488051,Alert
2025-04-15 10:38:47.710344,7.725276278453891,0.04133711331398405,Alert
2025-04-15 10:38:47.729491,7.767460006673627,0.03631133914375739,Alert
2025-04-15 10:38:47.817646,7.309701335106903,0.040661694404760744,Alert
2025-04-15 10:38:47.844845,7.408005002045787,0.03937125926656464,Alert
2025-04-15 10:38:47.860607,7.298257628885093,0.04142874917676935,Alert
2025-04-15 10:38:47.876663,7.354923161308002,0.041429879428986904,Alert
2025-04-15 10:38:47.906993,6.703699178001925,0.04344919534727958,Alert
2025-04-15 10:38:47.934469,6.688525661310587,0.04489777965754938,Alert
2025-04-15 10:38:47.953866,6.662932594357611,0.045071314340032906,Alert
2025-04-15 10:38:48.018685,6.42071742018064,0.03913217366058977,Alert
2025-04-15 10:38:48.035578,6.161298699250727,0.04361357523555834,Alert
2025-04-15 10:38:48.050044,6.203172230518699,0.03970008186563599,Alert
2025-04-15 10:38:48.124919,6.687121805954192,0.0452260959310398,Alert
2025-04-15 10:38:48.139865,6.579350613080917,0.04584855798037772,Alert
2025-04-15 10:38:48.156167,6.419914083633735,0.04521846426063259,Alert
2025-04-15 10:38:48.209061,5.991376589695306,0.04372007803190742,Drowsy
2025-04-15 10:38:48.219061,5.755175324572588,0.052199814622301347,Drowsy
2025-04-15 10:38:48.242551,5.770122343686758,0.04949834430234819,Drowsy
2025-04-15 10:38:48.325883,5.574475735788144,0.05427736690487447,Drowsy
2025-04-15 10:38:48.339713,5.4704471624055575,0.04992082881695195,Drowsy
2025-04-15 10:38:48.366662,5.462350227706947,0.04874978096111638,Drowsy
2025-04-15 10:38:48.415761,5.396606764760808,0.03978542132313053,Drowsy
2025-04-15 10:38:48.436014,5.506981535587093,0.0735151765726975,Drowsy
2025-04-15 10:38:48.450093,5.532092524701548,0.07359395866236655,Drowsy
2025-04-15 10:38:48.512597,4.650564956520926,0.03268107766613972,Drowsy
2025-04-15 10:38:48.525317,4.741651925654362,0.054949842788615484,Drowsy
2025-04-15 10:38:48.539744,4.790120298147016,0.057420176025580104,Drowsy
2025-04-15 10:38:48.608854,4.899323295239451,0.04174090057875961,Drowsy
2025-04-15 10:38:48.625245,4.8853259320295805,0.049444305466562165,Drowsy
2025-04-15 10:38:48.651040,4.916560231018394,0.05257633255998108,Drowsy
2025-04-15 10:38:48.729545,4.442524549565302,0.044726204893105685,Drowsy
2025-04-15 10:38:48.743844,4.5239557653548275,0.04636836058747561,Drowsy
2025-04-15 10:38:48.755997,4.469542850065114,0.04468146107758055,Drowsy
2025-04-15 10:38:48.833560,4.271305832180065,0.0456806388710744,Drowsy
2025-04-15 10:38:48.851454,4.187242519380737,0.04763214685765054,Drowsy
2025-04-15 10:38:48.869758,4.202400253663688,0.04876067654568736,Drowsy
2025-04-15 10:38:48.919868,3.8971716682176005,0.043400058368337734,Drowsy
2025-04-15 10:38:48.936139,4.015281106897144,0.04392294595612418,Drowsy
2025-04-15 10:38:48.962722,3.931831978433684,0.04248563716420027,Drowsy
2025-04-15 10:38:49.025724,3.8524614513394457,0.04162788002891318,Drowsy
2025-04-15 10:38:49.043615,3.792466154896558,0.0410056161403351,Drowsy
2025-04-15 10:38:49.062624,3.8146928762135976,0.04200326323565761,Drowsy
2025-04-15 10:38:49.135934,3.776480992484787,0.04215343854836325,Drowsy
2025-04-15 10:38:49.152992,3.69039566609819,0.043255998534192576,Drowsy
2025-04-15 10:38:49.168763,3.7466652994171197,0.04053803644272971,Drowsy
2025-04-15 10:38:49.216943,3.5815000047027814,0.0467675346563084,Drowsy
2025-04-15 10:38:49.233655,3.466898831560594,0.043504397339738723,Drowsy
2025-04-15 10:38:49.248914,3.441696386097983,0.041548326931561276,Drowsy
2025-04-15 10:38:49.334137,3.6986441365423914,0.038931067760309294,Drowsy
2025-04-15 10:38:49.352384,3.5824447343591843,0.038063761952487396,Drowsy
2025-04-15 10:38:49.367583,3.5991635363563175,0.03867683990182757,Drowsy
2025-04-15 10:38:49.438210,3.765030077907568,0.038287648241881765,Drowsy
2025-04-15 10:38:49.455307,3.7396848767975444,0.037303103094775476,Drowsy
2025-04-15 10:38:49.469605,3.711732223844723,0.03754037537040339,Drowsy
2025-04-15 10:38:49.544623,4.096444570129801,0.043463976908782474,Drowsy
2025-04-15 10:38:49.559124,4.093586010702221,0.04241701638878404,Drowsy
2025-04-15 10:38:49.574155,4.098933964504139,0.042403590451376344,Drowsy
2025-04-15 10:38:49.631937,4.39806966764557,0.04157559912684222,Drowsy
2025-04-15 10:38:49.654268,4.264160905817791,0.04071902757733087,Drowsy
2025-04-15 10:38:49.674723,4.198092077536469,0.03983448630214379,Drowsy
2025-04-15 10:38:49.730978,4.529941269497028,0.042317201063783935,Drowsy
2025-04-15 10:38:49.745188,4.684579704639311,0.038083143956217466,Drowsy
2025-04-15 10:38:49.770348,4.5175536168015995,0.04004985398017575,Drowsy
2025-04-15 10:38:49.825170,4.973751296395413,0.039416877716089954,Drowsy
2025-04-15 10:38:49.852646,4.820649195596275,0.046133819048820975,Drowsy
2025-04-15 10:38:49.874296,4.897434648897891,0.04357221239298081,Drowsy
2025-04-15 10:38:49.919682,4.789971063170893,0.04913536760180796,Drowsy
2025-04-15 10:38:49.936788,4.9007840345349205,0.041236354675515854,Drowsy
2025-04-15 10:38:49.949634,4.771404726507846,0.04513493473846616,Drowsy
2025-04-15 10:38:50.041686,4.632916153487871,0.047550830856200474,Drowsy
2025-04-15 10:38:50.062902,4.685694516805871,0.04718767603629666,Drowsy
2025-04-15 10:38:50.076549,4.719224808308533,0.04743184655664038,Drowsy
2025-04-15 10:38:50.126913,4.915203691360619,0.0486239257782848,Drowsy
2025-04-15 10:38:50.143885,4.856374382824357,0.05043390088012862,Drowsy
2025-04-15 10:38:50.159111,4.884190875322579,0.048549860173185945,Drowsy
2025-04-15 10:38:50.240898,4.8987794813017445,0.052022883016377766,Drowsy
2025-04-15 10:38:50.253245,4.930676558218206,0.04913920806568374,Drowsy
2025-04-15 10:38:50.268096,4.814309958180022,0.05017696381068053,Drowsy
2025-04-15 10:38:50.337729,4.683263374010648,0.04880592982382651,Drowsy
2025-04-15 10:38:50.353822,4.710225965515756,0.046233949224885135,Drowsy
2025-04-15 10:38:50.369418,4.705865312019899,0.04696953031280245,Drowsy
2025-04-15 10:38:50.437122,4.6694614600966435,0.04836487938800216,Drowsy
2025-04-15 10:38:50.455475,4.703496621758373,0.04367840264454245,Drowsy
2025-04-15 10:38:50.472353,4.690519481150275,0.04552211688719192,Drowsy
2025-04-15 10:38:50.528720,4.95693042365129,0.04454863618398595,Drowsy
2025-04-15 10:38:50.546049,4.985018515912352,0.04425695696645908,Drowsy
2025-04-15 10:38:50.559213,4.977004591479837,0.044366460070930806,Drowsy
2025-04-15 10:38:50.644274,5.029648580600838,0.04674951224100669,Drowsy
2025-04-15 10:38:50.659613,5.168620497178326,0.043842096101894934,Drowsy
2025-04-15 10:38:50.676552,5.089239042449102,0.04563322558579563,Drowsy
2025-04-15 10:38:50.746944,5.187340069946991,0.04636406064591969,Drowsy
2025-04-15 10:38:50.768743,5.178419468856528,0.04549451460582776,Drowsy
2025-04-15 10:38:50.785509,5.161455084452923,0.045690582351105756,Drowsy
2025-04-15 10:38:50.802095,5.215322074792061,0.04543038676737791,Drowsy
2025-04-15 10:38:50.833167,5.198464626996511,0.04409292319934684,Drowsy
2025-04-15 10:38:50.862923,4.9832324051197485,0.049161835847253546,Drowsy
2025-04-15 10:38:50.876765,5.146160208677278,0.04480874507407447,Drowsy
2025-04-15 10:38:50.967966,5.161070573405922,0.047016467497205436,Drowsy
2025-04-15 10:38:50.985389,5.137266837087399,0.04744041322586744,Drowsy
2025-04-15 10:38:51.048836,5.418429828756553,0.049811233765762415,Drowsy
2025-04-15 10:38:51.064014,5.752360240452029,0.040694841956224914,Drowsy
2025-04-15 10:38:51.074967,5.623343759897104,0.04609217587461663,Drowsy
2025-04-15 10:38:51.089757,5.718419635026395,0.04282233341464527,Drowsy
2025-04-15 10:38:51.133673,5.647185650676807,0.04892254779096954,Drowsy
2025-04-15 10:38:51.152187,5.798879719431563,0.044785241247326,Drowsy
2025-04-15 10:38:51.175107,5.823469849829982,0.046101653332596186,Drowsy
2025-04-15 10:38:51.232910,5.741242084763067,0.10297467959772076,Drowsy
2025-04-15 10:38:51.250049,6.214262611873915,0.08956890233093295,Alert
2025-04-15 10:38:51.349820,6.559695778264095,0.14045849871303367,Alert
2025-04-15 10:38:51.366476,6.490250440959916,0.14891136526087775,Alert
2025-04-15 10:38:51.383081,6.437334694989088,0.14070486921177627,Alert
2025-04-15 10:38:51.442031,6.6818459520488585,0.18907983622048788,Alert
2025-04-15 10:38:51.457187,6.248109924346505,0.17764485432353705,Alert
2025-04-15 10:38:51.484604,6.274837845090321,0.18013012363685812,Alert
2025-04-15 10:38:51.499188,6.29560465960755,0.17878236535657085,Alert
2025-04-15 10:38:51.535449,6.423127597976576,0.2120674087179388,Alert
2025-04-15 10:38:51.553098,6.507749208088848,0.2187111189764884,Alert
2025-04-15 10:38:51.566630,6.513013760977211,0.21515342410455354,Alert
2025-04-15 10:38:51.671921,6.7788343784250955,0.2581224769363491,Alert
2025-04-15 10:38:51.688904,6.668619759802114,0.26655999852730095,Alert
2025-04-15 10:38:51.748818,6.573103511553134,0.33977458780791897,Alert
2025-04-15 10:38:51.761816,6.363355164920852,0.32928741850866805,Alert
2025-04-15 10:38:51.780597,6.33357596327947,0.3253099977839645,Alert
2025-04-15 10:38:51.797800,6.343169002743961,0.32792042086260803,Alert
2025-04-15 10:38:51.839543,6.478639800367514,0.40258920422596345,Yawning
2025-04-15 10:38:51.869264,6.211144818643191,0.4008519979718669,Yawning
2025-04-15 10:38:51.884217,6.318848159741988,0.4044848697281663,Yawning
2025-04-15 10:38:51.954946,7.171771940846618,0.4454907438511848,Yawning
2025-04-15 10:38:51.969939,6.86246888978851,0.44914373326995294,Yawning
2025-04-15 10:38:51.986469,6.841349919971638,0.45549409940241137,Yawning
2025-04-15 10:38:52.056553,6.90955929320964,0.551657687270773,Yawning
2025-04-15 10:38:52.073047,6.742621846671496,0.5982933178627915,Yawning
2025-04-15 10:38:52.089123,6.557348361017119,0.6205557318367348,Yawning
2025-04-15 10:38:52.146513,7.470407881587893,0.6760633479171234,Yawning
2025-04-15 10:38:52.167216,6.927021518067753,0.6949639295982578,Yawning
2025-04-15 10:38:52.180160,6.863371405747324,0.7026231054411184,Yawning
2025-04-15 10:38:52.258246,7.0712346717805605,0.7128027307666588,Yawning
2025-04-15 10:38:52.275569,6.863080034756159,0.6965605496846327,Yawning
2025-04-15 10:38:52.292430,7.090952374405341,0.7015514714231575,Yawning
2025-04-15 10:38:52.366937,6.72887030894293,0.6945011181916702,Yawning
2025-04-15 10:38:52.388241,6.706153168278753,0.7030808660069988,Yawning
2025-04-15 10:38:52.404677,6.677479655335038,0.7100792098349156,Yawning
2025-04-15 10:38:52.448839,6.709719630681306,0.6983701520760384,Yawning
2025-04-15 10:38:52.463866,6.751228802526782,0.7050227890638789,Yawning
2025-04-15 10:38:52.483483,6.960923231554736,0.7024156432361387,Yawning
2025-04-15 10:38:52.544540,7.008582651999966,0.6982463797018914,Yawning
2025-04-15 10:38:52.561699,7.075653418417952,0.7037508316487725,Yawning
2025-04-15 10:38:52.577228,7.090130630144683,0.7040356877889112,Yawning
2025-04-15 10:38:52.669810,7.117484954713873,0.6298007858624828,Yawning
2025-04-15 10:38:52.689487,6.980380788289743,0.6292896772205647,Yawning
2025-04-15 10:38:52.705369,6.958460359835154,0.6360510376239126,Yawning
2025-04-15 10:38:52.754698,6.66933790788935,0.5145629618624332,Yawning
2025-04-15 10:38:52.769586,6.301859703879392,0.5239572211205579,Yawning
2025-04-15 10:38:52.786992,6.6491461147420505,0.5441531544913725,Yawning
2025-04-15 10:38:52.865357,6.50777351692709,0.5809273804408378,Yawning
2025-04-15 10:38:52.879098,6.611311815138217,0.50728025313732,Yawning
2025-04-15 10:38:52.896503,6.729510356519775,0.49530982996763223,Yawning
2025-04-15 10:38:52.960581,7.947985881137111,0.599733579642656,Yawning
2025-04-15 10:38:52.975755,8.165682565344733,0.5688466442741796,Yawning
2025-04-15 10:38:52.992385,8.026626219088762,0.5536415738029253,Yawning
2025-04-15 10:38:53.069748,8.029919215144592,0.5786724574877687,Yawning
2025-04-15 10:38:53.087560,7.81861747302117,0.5275907344378964,Yawning
2025-04-15 10:38:53.103159,7.6692159030769265,0.5622933903366588,Yawning
2025-04-15 10:38:53.152771,6.934856162240545,0.5540767349402563,Yawning
2025-04-15 10:38:53.166790,6.871231152356994,0.5596043193384668,Yawning
2025-04-15 10:38:53.180948,7.327484292352646,0.5657358956204007,Yawning
2025-04-15 10:38:53.264609,6.287383826497909,0.6197936006292258,Yawning
2025-04-15 10:38:53.293095,5.896982737720194,0.5806439108341872,Drowsy
2025-04-15 10:38:53.305794,5.798074989064036,0.5638683671788361,Drowsy
2025-04-15 10:38:53.366740,7.412880361928803,0.5127836609807869,Yawning
2025-04-15 10:38:53.388390,7.352656066102901,0.46431404560285333,Yawning
2025-04-15 10:38:53.404481,7.197422871473842,0.47373260725698035,Yawning
2025-04-15 10:38:53.456081,8.12316096210819,0.461057045814847,Yawning
2025-04-15 10:38:53.469416,8.044854209672003,0.4592708034389995,Yawning
2025-04-15 10:38:53.483876,7.992896087828061,0.4483084092192573,Yawning
2025-04-15 10:38:53.568931,8.200264301284495,0.5070536901273681,Yawning
2025-04-15 10:38:53.586509,8.31442894744124,0.5122625183802326,Yawning
2025-04-15 10:38:53.602383,8.332883767301418,0.5163623440839586,Yawning
2025-04-15 10:38:53.672489,8.464172578996692,0.5337320976237635,Yawning
2025-04-15 10:38:53.686585,8.519019184422351,0.5525549147435656,Yawning
2025-04-15 10:38:53.713535,8.458150010787865,0.5954163827150761,Yawning
2025-04-15 10:38:53.792074,8.46532867741416,0.5698230460784496,Yawning
2025-04-15 10:38:53.807899,8.406951253566719,0.5849241424226007,Yawning
2025-04-15 10:38:53.822534,8.49241058049898,0.5709992300972418,Yawning
2025-04-15 10:38:53.854785,8.559899500154302,0.5811873192772101,Yawning
2025-04-15 10:38:53.882116,8.421771319643454,0.579756495022428,Yawning
2025-04-15 10:38:53.908501,8.34215437565719,0.5760238177377315,Yawning
2025-04-15 10:38:53.976634,8.469446363913704,0.5644541242821154,Yawning
2025-04-15 10:38:53.996384,8.301049237244076,0.5606722102193127,Yawning
2025-04-15 10:38:54.009506,8.341957161387967,0.5636681731041354,Yawning
2025-04-15 10:38:54.063066,8.419682357826774,0.5492683733851192,Yawning
2025-04-15 10:38:54.083902,8.261814816557155,0.5516254707442853,Yawning
2025-04-15 10:38:54.097796,8.286974610578563,0.5471283094700515,Yawning
2025-04-15 10:38:54.177068,8.41961974018503,0.4206166754566035,Yawning
2025-04-15 10:38:54.192549,8.297676703982797,0.3536839298219879,Alert
2025-04-15 10:38:54.208158,8.586869285424152,0.38939670106961666,Alert
2025-04-15 10:38:54.274684,8.366610295611629,0.14639383123154462,Alert
2025-04-15 10:38:54.290986,8.227041539615353,0.24375976152893802,Alert
2025-04-15 10:38:54.304940,8.45411944632662,0.20860695763177617,Alert
2025-04-15 10:38:54.384026,8.338408113999723,0.13436103074285624,Alert
2025-04-15 10:38:54.400263,8.441136733165276,0.14227236559251694,Alert
2025-04-15 10:38:54.412698,8.317616543939225,0.13977305400762619,Alert
2025-04-15 10:38:54.423666,8.37591950698031,0.13622604597702795,Alert
2025-04-15 10:38:54.487783,8.720015863338372,0.0833980853408061,Alert
2025-04-15 10:38:54.503484,8.899900230820428,0.08173432945643852,Alert
2025-04-15 10:38:54.577297,8.829800188165695,0.06597523763550521,Alert
2025-04-15 10:38:54.599275,8.885476748095039,0.0703066307669511,Alert
2025-04-15 10:38:54.616125,8.971819770146572,0.0676960579898145,Alert
2025-04-15 10:38:54.686201,8.75795890514678,0.0649883522492593,Alert
2025-04-15 10:38:54.704219,8.54480032367601,0.06760146705119362,Alert
2025-04-15 10:38:54.731436,8.451604034618555,0.06612452930143384,Alert
2025-04-15 10:38:54.744811,8.38930104249059,0.06639515818106996,Alert
2025-04-15 10:38:54.768883,8.290329597122014,0.058951303481561454,Alert
2025-04-15 10:38:54.783155,8.440686964865087,0.06126686404173838,Alert
2025-04-15 10:38:54.799632,8.390081445204252,0.060973595033453634,Alert
2025-04-15 10:38:54.879623,8.49643957034969,0.06503129263332919,Alert
2025-04-15 10:38:54.905202,8.367200254730655,0.06365574770086752,Alert
2025-04-15 10:38:54.988496,6.52958687541577,0.05797891400699361,Alert
2025-04-15 10:38:55.007681,6.681695500318867,0.05501247104362,Alert
2025-04-15 10:38:55.025452,6.658838372282542,0.05475214182762107,Alert
2025-04-15 10:38:55.039504,6.61593545021342,0.055659950758616926,Alert
2025-04-15 10:38:55.071208,6.869803405822024,0.0652315496276399,Alert
2025-04-15 10:38:55.085160,6.936984631226643,0.0646224016709533,Alert
2025-04-15 10:38:55.113076,7.0436888492814465,0.06493127164183785,Alert
2025-04-15 10:38:55.198116,7.712573893384306,0.06679820047447271,Alert
2025-04-15 10:38:55.216372,7.580512287065334,0.06616648378945479,Alert
2025-04-15 10:38:55.232930,7.5658700506710765,0.065801463836761,Alert
2025-04-15 10:38:55.288542,7.794132269616748,0.06579855429995468,Alert
2025-04-15 10:38:55.303548,7.698206201685357,0.06963847260986088,Alert
2025-04-15 10:38:55.378091,7.844197854320295,0.06759720137691615,Alert
2025-04-15 10:38:55.395871,7.925093725506181,0.0693560026340802,Alert
2025-04-15 10:38:55.409199,7.8005737654287834,0.06900755213011814,Alert
2025-04-15 10:38:55.418638,7.885174796418478,0.07001846153487255,Alert
2025-04-15 10:38:55.465607,8.074170939034609,0.07474502566848518,Alert
2025-04-15 10:38:55.492001,8.151583635865746,0.07858650440583856,Alert
2025-04-15 10:38:55.506043,8.187190613722798,0.08335914017079837,Alert
2025-04-15 10:38:55.586579,8.580862397489428,0.07956766802658904,Alert
2025-04-15 10:38:55.602892,8.88712674584545,0.07863955289382303,Alert
2025-04-15 10:38:55.619420,8.863644418186642,0.07757894760024268,Alert
2025-04-15 10:38:55.688111,8.79320708959662,0.07729016116738976,Alert
2025-04-15 10:38:55.703899,8.881291632258478,0.07611929444925832,Alert
2025-04-15 10:38:55.731590,8.848534310216696,0.07821304531882335,Alert
2025-04-15 10:38:55.776964,8.87328752980173,0.07657531326772664,Alert
2025-04-15 10:38:55.790696,8.757871548905303,0.07900886520609257,Alert
2025-04-15 10:38:55.802173,8.81438711282972,0.07398925747941697,Alert
2025-04-15 10:38:55.921228,8.855320350651535,0.07017748038634121,Alert
2025-04-15 10:38:55.939437,8.732475414715804,0.07304929603782769,Alert
2025-04-15 10:38:55.957575,8.80222677296065,0.07237216563289606,Alert
2025-04-15 10:38:55.990293,8.878530961876791,0.07004417818381636,Alert
2025-04-15 10:38:56.027526,8.990997492137712,0.07122880112416298,Alert
2025-04-15 10:38:56.041901,9.052317759522765,0.0703455513658629,Alert
2025-04-15 10:38:56.081103,9.16960269610641,0.07373713726537758,Alert
2025-04-15 10:38:56.094699,9.074274450965554,0.07377644217348618,Alert
2025-04-15 10:38:56.109260,9.019575963774766,0.07180902147843786,Alert
2025-04-15 10:38:56.193890,8.862648687955932,0.07474019912033238,Alert
2025-04-15 10:38:56.209795,8.90627739779309,0.07582107153191539,Alert
2025-04-15 10:38:56.225798,8.928997449664916,0.0753832265692471,Alert
2025-04-15 10:38:56.297136,8.884354781900475,0.07971609153282748,Alert
2025-04-15 10:38:56.311988,8.891354350455128,0.07780324082353963,Alert
2025-04-15 10:38:56.338486,8.91067786647703,0.07896234088005338,Alert
2025-04-15 10:38:56.384375,8.502909369008997,0.09724990129594142,Alert
2025-04-15 10:38:56.403944,8.59894046619084,0.11169007155795196,Alert
2025-04-15 10:38:56.418603,8.643639594067608,0.11530356753713775,Alert
2025-04-15 10:38:56.482232,8.268556062254078,0.21517797617596598,Alert
2025-04-15 10:38:56.495305,8.479556849799856,0.20088684071202045,Alert
2025-04-15 10:38:56.513185,8.565919883971954,0.20198778117482108,Alert
2025-04-15 10:38:56.611860,8.357546253689566,0.21664535450812294,Alert
2025-04-15 10:38:56.634062,8.424811764965998,0.1947096467084713,Alert
2025-04-15 10:38:56.651219,8.316698417019582,0.2085041951623636,Alert
2025-04-15 10:38:56.690417,8.100822321490664,0.2321873843015674,Alert
2025-04-15 10:38:56.705922,8.314247842754227,0.21294818656044578,Alert
2025-04-15 10:38:56.720762,8.250347957606838,0.22922306753670668,Alert
2025-04-15 10:38:56.822297,7.0479407311085644,0.19338425658199293,Alert
2025-04-15 10:38:56.838869,6.80245208472242,0.19310963485843777,Alert
2025-04-15 10:38:56.854265,6.778118917844917,0.19947237424764683,Alert
2025-04-15 10:38:56.891885,8.123987424799411,0.20239951547109003,Alert
2025-04-15 10:38:56.908884,8.358644996169865,0.1858539936000438,Alert
2025-04-15 10:38:56.923092,7.958069576325046,0.2032483637226005,Alert
2025-04-15 10:38:57.008959,9.008688838844254,0.17022151531629504,Alert
2025-04-15 10:38:57.032344,8.41548562896779,0.20021724822135856,Alert
2025-04-15 10:38:57.045964,9.028007792819139,0.18142201628109278,Alert
2025-04-15 10:38:57.087859,8.92292226206144,0.18304326290300366,Alert
2025-04-15 10:38:57.102488,8.881300386518502,0.180318119252171,Alert
2025-04-15 10:38:57.120454,8.913347442229675,0.175128802461818,Alert
2025-04-15 10:38:57.203131,8.0228249973267,0.12565424245523973,Alert
2025-04-15 10:38:57.223555,8.268837552273231,0.13171989188081956,Alert
2025-04-15 10:38:57.240771,8.223407246022116,0.13152076207409205,Alert
2025-04-15 10:38:57.312251,8.532612643180363,0.09274062489986945,Alert
2025-04-15 10:38:57.333189,8.64686350850926,0.10115792977283693,Alert
2025-04-15 10:38:57.348533,8.640500016297386,0.10295323931235306,Alert
2025-04-15 10:38:57.394993,8.49333406406,0.10739332040857466,Alert
2025-04-15 10:38:57.408246,8.334063472408982,0.10644981830260777,Alert
2025-04-15 10:38:57.418895,8.291020317568266,0.10566979171586836,Alert
2025-04-15 10:38:57.504980,8.646240814381665,0.09895625040153627,Alert
2025-04-15 10:38:57.518136,8.697328407912796,0.09441349607869047,Alert
2025-04-15 10:38:57.544985,8.744264556112535,0.09502055597400581,Alert
2025-04-15 10:38:57.605944,8.601826036162585,0.08122732050011025,Alert
2025-04-15 10:38:57.620186,8.574569869329757,0.08374336969790358,Alert
2025-04-15 10:38:57.633297,8.585492378599405,0.08426789117190901,Alert
2025-04-15 10:38:57.652778,8.582444430950503,0.08405724480870332,Alert
2025-04-15 10:38:57.695027,8.660171284595632,0.07483948209963602,Alert
2025-04-15 10:38:57.715702,8.713663994285074,0.07545538534392823,Alert
2025-04-15 10:38:57.792553,8.71362805077397,0.06683999674082422,Alert
2025-04-15 10:38:57.813508,8.670588787560192,0.06651005402626235,Alert
2025-04-15 10:38:57.829434,8.651835288293965,0.06568613350735301,Alert
2025-04-15 10:38:57.908810,8.878121933797804,0.06125899128427454,Alert
2025-04-15 10:38:57.922190,8.84400144073927,0.0640724419892968,Alert
2025-04-15 10:38:57.940313,8.839655817566264,0.06171403942076989,Alert
2025-04-15 10:38:58.033852,9.04213254527339,0.07653011383234205,Alert
2025-04-15 10:38:58.052009,9.025594085248565,0.0752839932702149,Alert
2025-04-15 10:38:58.068256,8.981476816572581,0.07264242587939602,Alert
2025-04-15 10:38:58.096782,8.94801489510765,0.07027194087785198,Alert
2025-04-15 10:38:58.110551,8.969221118455065,0.06282823508986622,Alert
2025-04-15 10:38:58.119413,9.035785196639155,0.06371504457095334,Alert
2025-04-15 10:38:58.211551,8.887367523219748,0.04638449683587427,Alert
2025-04-15 10:38:58.229066,9.170085459447595,0.0456092600572489,Alert
2025-04-15 10:38:58.244855,9.042193429565424,0.04474334874765299,Alert
2025-04-15 10:38:58.308441,5.307835472714567,0.03229590729336708,Drowsy
2025-04-15 10:38:58.324241,5.04160217871817,0.02752266797304587,Drowsy
2025-04-15 10:38:58.339038,5.303410313828015,0.03422235240423008,Drowsy
2025-04-15 10:38:58.355341,5.045543895020744,0.02688870746229707,Drowsy
2025-04-15 10:38:58.399234,5.463181107688518,0.023852238568911777,Drowsy
2025-04-15 10:38:58.413928,5.23558158869817,0.0345086339600374,Drowsy
2025-04-15 10:38:58.427173,5.527459172718503,0.035033638668805364,Drowsy
2025-04-15 10:38:58.515579,7.901556468233941,0.058870020788532276,Alert
2025-04-15 10:38:58.536903,7.0760881056454075,0.06772223421344532,Alert
2025-04-15 10:38:58.616709,7.650551478328189,0.07553068005351585,Alert
2025-04-15 10:38:58.632574,6.103247396205283,0.09526399705860866,Drowsy
2025-04-15 10:38:58.641794,6.428335557120381,0.12236867727636366,Alert
2025-04-15 10:38:58.673327,6.35179815228814,0.09811891319190942,Alert
2025-04-15 10:38:58.729073,7.227161614515664,0.0992880014343182,Alert
2025-04-15 10:38:58.744645,6.448034904250624,0.07713443579527639,Alert
2025-04-15 10:38:58.758897,6.422172397574123,0.06426591514779582,Alert
2025-04-15 10:38:58.816710,7.632447231498002,0.041025127336504694,Alert
2025-04-15 10:38:58.833653,6.230685287746445,0.031460763574701345,Alert
2025-04-15 10:38:58.861551,6.493759646694599,0.04434473410723729,Alert
2025-04-15 10:38:58.918022,7.709069420373056,0.053234288513481984,Alert
2025-04-15 10:38:58.931094,6.902758960721213,0.037167795503783206,Alert
2025-04-15 10:38:58.951650,6.77543498462251,0.038089724946804744,Alert
2025-04-15 10:38:59.008863,7.949144397246052,0.04659977441173895,Alert
2025-04-15 10:38:59.032854,6.867953711473457,0.05829659992080808,Alert
2025-04-15 10:38:59.046734,7.302851957578502,0.04678878657062663,Alert
2025-04-15 10:38:59.106524,4.372856065761056,0.052366015136762305,Drowsy
2025-04-15 10:38:59.126013,4.399738851766875,0.0449278819679771,Drowsy
2025-04-15 10:38:59.143953,4.333664186191999,0.05001927772352194,Drowsy
2025-04-15 10:38:59.232822,5.160026032589533,0.04512473133903843,Drowsy
2025-04-15 10:38:59.249851,5.000433684437569,0.038995899065752085,Drowsy
2025-04-15 10:38:59.275426,4.933290707021804,0.0385485725945322,Drowsy
2025-04-15 10:38:59.309584,5.909267800483898,0.03134024760365671,Drowsy
2025-04-15 10:38:59.322470,5.630589845463106,0.04046398668689794,Drowsy
2025-04-15 10:38:59.341434,5.6753206217908785,0.0339299615421672,Drowsy
2025-04-15 10:38:59.420925,5.899730816919163,0.053988233211800976,Drowsy
2025-04-15 10:38:59.436390,6.308171097831573,0.039730011527770365,Alert
2025-04-15 10:38:59.455306,6.2923022583780295,0.03701531096958223,Alert
2025-04-15 10:38:59.514982,6.171115306288608,0.0366821739876001,Alert
2025-04-15 10:38:59.538469,6.528781099377663,0.03577688756087995,Alert
2025-04-15 10:38:59.550703,6.609479488225716,0.0375606124429822,Alert
2025-04-15 10:38:59.623464,6.41654332158413,0.03671938501926795,Alert
2025-04-15 10:38:59.649684,6.5041074683906555,0.03609677471783128,Alert
2025-04-15 10:38:59.678428,6.538409979981699,0.03690563346312828,Alert
2025-04-15 10:38:59.711497,6.456253479543307,0.037781767736428586,Alert
2025-04-15 10:38:59.724260,6.433520161792687,0.03885511316210173,Alert
2025-04-15 10:38:59.737732,6.524802767041132,0.03700915043966221,Alert
2025-04-15 10:38:59.824806,6.255778402209991,0.03100891317126506,Alert
2025-04-15 10:38:59.840633,6.432349051229382,0.033903037398389915,Alert
2025-04-15 10:38:59.856512,6.341230031298311,0.032516379199193424,Alert
2025-04-15 10:38:59.939014,6.404276989220278,0.029519619258406984,Alert
2025-04-15 10:38:59.955102,6.4382903268081275,0.0330229326233505,Alert
2025-04-15 10:38:59.986623,6.482208910821616,0.03324100397553845,Alert
2025-04-15 10:39:00.015923,5.900777992159887,0.03646576420047616,Drowsy
2025-04-15 10:39:00.031610,6.217529770390433,0.03102560715371895,Alert
2025-04-15 10:39:00.052638,6.204602302442242,0.0321633070079507,Alert
2025-04-15 10:39:00.152385,5.529894405835628,0.035801678374849,Drowsy
2025-04-15 10:39:00.167724,5.788381318266165,0.030159850268051912,Drowsy
2025-04-15 10:39:00.192946,5.733820746182928,0.031893001317935724,Drowsy
2025-04-15 10:39:00.227989,5.478675914777115,0.03652020890461176,Drowsy
2025-04-15 10:39:00.235845,5.773517870779219,0.036915915607965526,Drowsy
2025-04-15 10:39:00.250025,5.850738108581572,0.034394044783448215,Drowsy
2025-04-15 10:39:00.319671,5.642234731487864,0.0329717414970096,Drowsy
2025-04-15 10:39:00.335614,5.7164273974569095,0.031812906840322036,Drowsy
2025-04-15 10:39:00.348260,5.652078631143372,0.031929560992428885,Drowsy
2025-04-15 10:39:00.415979,5.657366623017346,0.035447489872802766,Drowsy
2025-04-15 10:39:00.433065,5.676997512826354,0.03642415670284372,Drowsy
2025-04-15 10:39:00.447802,5.737319339696099,0.03654375506119405,Drowsy
2025-04-15 10:39:00.535848,5.4150615877858055,0.04384235546563746,Drowsy
2025-04-15 10:39:00.553156,5.611712527620856,0.0430744519591448,Drowsy
2025-04-15 10:39:00.569458,5.429002115347293,0.04100469988041829,Drowsy
2025-04-15 10:39:00.624830,5.891202917899684,0.036071709232236696,Drowsy
2025-04-15 10:39:00.639378,5.769279746366507,0.036644324081242866,Drowsy
2025-04-15 10:39:00.654547,5.894618729944691,0.0409876111554509,Drowsy
2025-04-15 10:39:00.750247,5.898120501142472,0.038566576181627475,Drowsy
2025-04-15 10:39:00.766911,6.070813096319794,0.03589411470997064,Drowsy
2025-04-15 10:39:00.783517,5.974412027972342,0.03881939965960805,Drowsy
2025-04-15 10:39:00.854978,6.067215011782274,0.03967721184720363,Drowsy
2025-04-15 10:39:00.879161,6.073311229481293,0.039418570275581245,Drowsy
2025-04-15 10:39:00.897854,6.092237876582438,0.040305575403391754,Drowsy
2025-04-15 10:39:00.922393,6.178140616463111,0.03994856482857717,Alert
2025-04-15 10:39:00.935746,6.238837698645393,0.040719827825303895,Alert
2025-04-15 10:39:00.945555,6.198013712345934,0.04152188284256546,Alert
2025-04-15 10:39:01.028286,6.065678194204509,0.04442116841256328,Drowsy
2025-04-15 10:39:01.038706,6.070779698653201,0.04415723910328094,Drowsy
2025-04-15 10:39:01.072416,6.07686382997569,0.04311396950363159,Drowsy
2025-04-15 10:39:01.140545,6.013835606141586,0.04462771423794374,Drowsy
2025-04-15 10:39:01.156564,6.1326528644275005,0.04088549571028335,Alert
2025-04-15 10:39:01.171883,6.033050366340115,0.04376356079399767,Drowsy
2025-04-15 10:39:01.245993,5.982063764142632,0.04694614475637661,Drowsy
2025-04-15 10:39:01.260351,6.0516095268141905,0.04686250934164936,Drowsy
2025-04-15 10:39:01.275901,5.948127129904735,0.048067869552740464,Drowsy
2025-04-15 10:39:01.328634,5.902927533990147,0.0451408038220411,Drowsy
2025-04-15 10:39:01.346445,5.9996531935024855,0.047009786579643414,Drowsy
2025-04-15 10:39:01.361585,5.964914570607106,0.04609578568044519,Drowsy
2025-04-15 10:39:01.442766,5.949880985848786,0.047420686801710056,Drowsy
2025-04-15 10:39:01.723243,6.042320192597179,0.049747113988011474,Drowsy
2025-04-15 10:39:01.885397,6.129909347929187,0.049021748743551745,Alert
2025-04-15 10:39:01.929944,5.989135914080128,0.04901107333302411,Drowsy
2025-04-15 10:39:01.941758,6.019595852612223,0.04740335036501901,Drowsy
2025-04-15 10:39:01.955198,6.0099129174456785,0.04688360567402661,Drowsy
2025-04-15 10:39:01.981510,6.005806902543158,0.04777969394564991,Drowsy
2025-04-15 10:39:02.029325,6.00816620707724,0.04300936734705297,Drowsy
2025-04-15 10:39:02.046656,6.071792879630745,0.03987292487243981,Drowsy
2025-04-15 10:39:02.145234,6.263480300564717,0.04783769733056149,Alert
2025-04-15 10:39:02.162720,6.176392633769558,0.05014050931527591,Alert
2025-04-15 10:39:02.178190,6.268587215300691,0.04894650753726418,Alert
2025-04-15 10:39:02.253994,6.233385886730479,0.05061107264486747,Alert
2025-04-15 10:39:02.269353,6.255436442372613,0.050274914190767926,Alert
2025-04-15 10:39:02.286406,6.270193768085906,0.05026100413929204,Alert
2025-04-15 10:39:02.301787,6.246847839423043,0.05091245479673231,Alert
2025-04-15 10:39:02.335365,6.432872990454942,0.05449208807677098,Alert
2025-04-15 10:39:02.346724,6.437440480158205,0.057426996499063916,Alert
2025-04-15 10:39:02.368475,6.476678328064333,0.05488183238478481,Alert
2025-04-15 10:39:02.448521,6.484175878069508,0.05082457072100233,Alert
2025-04-15 10:39:02.468907,6.510317090502731,0.0488558563056806,Alert
2025-04-15 10:39:02.543148,6.767232998448652,0.046925288507078645,Alert
2025-04-15 10:39:02.560796,6.658880304224936,0.049646523666191995,Alert
2025-04-15 10:39:02.575445,6.776469867943666,0.04703074340419958,Alert
2025-04-15 10:39:02.592797,6.70239657078688,0.0471328506540381,Alert
2025-04-15 10:39:02.640108,6.838537921347456,0.04625948921417905,Alert
2025-04-15 10:39:02.660771,6.80493542892637,0.04859248762041185,Alert
2025-04-15 10:39:02.671294,6.787550488592634,0.04745750412389242,Alert
2025-04-15 10:39:02.753779,6.7818038901929025,0.05330396725700383,Alert
2025-04-15 10:39:02.768840,6.7429217617646415,0.053812072539295534,Alert
2025-04-15 10:39:02.795800,6.789888207382304,0.05350718901170432,Alert
2025-04-15 10:39:02.845935,6.597439076164759,0.047780059034011425,Alert
2025-04-15 10:39:02.864173,6.593471773792617,0.04656499957646502,Alert
2025-04-15 10:39:02.891138,6.560760005929318,0.047048486510947694,Alert
2025-04-15 10:39:02.977028,6.303098994573037,0.05089465964561317,Alert
2025-04-15 10:39:02.993690,6.3230404470223185,0.04912226828939115,Alert
2025-04-15 10:39:03.009694,6.320939122475853,0.04947758410691501,Alert
2025-04-15 10:39:03.040974,6.135916309396223,0.0488201453492402,Alert
2025-04-15 10:39:03.056459,6.0991193881017445,0.047529257325188964,Drowsy
2025-04-15 10:39:03.084406,6.141733732655895,0.04728953047113429,Alert
2025-04-15 10:39:03.153133,5.969322464759866,0.04744944450117255,Drowsy
2025-04-15 10:39:03.167678,5.838820397710823,0.048609542951338354,Drowsy
2025-04-15 10:39:03.192696,5.921425824037673,0.04850557985478253,Drowsy
2025-04-15 10:39:03.243027,5.832625010387014,0.03533077798274811,Drowsy
2025-04-15 10:39:03.251876,5.609281620692979,0.043818500688404156,Drowsy
2025-04-15 10:39:03.269902,5.658051538668857,0.04203430769072499,Drowsy
2025-04-15 10:39:03.341472,5.6870881438387055,0.05076509671961751,Drowsy
2025-04-15 10:39:03.358780,5.648678232929182,0.05018083812975847,Drowsy
2025-04-15 10:39:03.386397,5.632515504961006,0.05044709520495146,Drowsy
2025-04-15 10:39:03.448790,5.405459346242391,0.0498383446500481,Drowsy
2025-04-15 10:39:03.478896,5.445750686109728,0.058609133601455865,Drowsy
2025-04-15 10:39:03.505854,5.151430302960398,0.06024879262373641,Drowsy
2025-04-15 10:39:03.552911,4.862811052763606,0.044180758181501634,Drowsy
2025-04-15 10:39:03.570244,5.310959775016533,0.049089797819596465,Drowsy
2025-04-15 10:39:03.591947,5.320838005982397,0.05474234011592622,Drowsy
2025-04-15 10:39:03.672278,5.118765049691595,0.059978520276571294,Drowsy
